SNP,cis_gene
rs225245,AP2B1
rs225245,TAF15
rs1000940,C1QBP
rs1000940,NLRP1
rs1000940,NUP88
rs1000940,RABEP1
rs1000940,RPAIN
rs1000940,ZNF232
rs10876550,CBX5
rs10876550,SMUG1
rs372883,BACH1
rs372883,CCT8
rs4326844,COPZ1
rs4326844,NCKAP1L
rs12458462,CTDP1
rs4151657,CSNK2B
rs4151657,EHMT2
rs4151657,PPT2
rs4151657,PRRC2A
rs35033748,ERAL1
rs35033748,FAM222B
rs35033748,PIGS
rs35033748,POLDIP2
rs741702,FARSA
rs741702,PRDX2
rs9399135,HBS1L
rs4794822,MED24
rs9399137,MYB
rs727563,DESI1
rs727563,PHF5A
rs727563,PMM1
rs727563,TOB2
rs9311676,PXK
rs9311676,RPP14
rs1131017,RPS26
rs1131017,SMARCC2
rs11830103,SBNO1
rs2230061,ARNT
rs2230061,CERS2
rs2230061,CTSS
rs2230061,PSMD4
rs2230061,SETDB1
rs3771529,GFPT1
rs3771529,MXD1
rs3771529,PCYOX1
rs3771529,SNRNP27
rs3735485,TBRG4
rs2274351,ACTR1A
rs2274351,TRIM8
rs2266959,UBE2L3
rs2228145,UBE2Q1
rs2596500,FLOT1
rs2596500,HLA-C
rs2596500,IER3
rs2596500,TUBB
rs2596500,VARS2
rs4761234,LYZ
rs4761234,YEATS4